Question,Answer
What is Dextora AI?,"Dextora AI is the world's first AI-first learning ecosystem, providing intelligent, adaptive, and personalized learning experiences for students and powerful AI tools for teachers."
Can you explain what is dextora ai??,"Dextora AI is the world's first AI-first learning ecosystem, providing intelligent, adaptive, and personalized learning experiences for students and powerful AI tools for teachers."
I want to know what is dextora ai?,"Dextora AI is the world's first AI-first learning ecosystem, providing intelligent, adaptive, and personalized learning experiences for students and powerful AI tools for teachers."
Please tell me what is dextora ai?,"Dextora AI is the world's first AI-first learning ecosystem, providing intelligent, adaptive, and personalized learning experiences for students and powerful AI tools for teachers."
How does Dextora help students?,"Dextora helps students through personalized learning, AI-based content generation, handwritten evaluation, mock tests, doubt solving, and holistic development support."
Can you explain how does dextora help students??,"Dextora helps students through personalized learning, AI-based content generation, handwritten evaluation, mock tests, doubt solving, and holistic development support."
I want to know how does dextora help students?,"Dextora helps students through personalized learning, AI-based content generation, handwritten evaluation, mock tests, doubt solving, and holistic development support."
Please tell me how does dextora help students?,"Dextora helps students through personalized learning, AI-based content generation, handwritten evaluation, mock tests, doubt solving, and holistic development support."
How does Dextora personalize learning?,"It learns each student's learning style, tracks performance, and adapts difficulty, content type, and explanations in real time."
Can you explain how does dextora personalize learning??,"It learns each student's learning style, tracks performance, and adapts difficulty, content type, and explanations in real time."
I want to know how does dextora personalize learning?,"It learns each student's learning style, tracks performance, and adapts difficulty, content type, and explanations in real time."
Please tell me how does dextora personalize learning?,"It learns each student's learning style, tracks performance, and adapts difficulty, content type, and explanations in real time."
How does Dextora assist teachers?,"Teachers get AI-powered summaries, automated quizzes, exam checkers, performance dashboards, real-time teaching assistants, and digital whiteboards."
Can you explain how does dextora assist teachers??,"Teachers get AI-powered summaries, automated quizzes, exam checkers, performance dashboards, real-time teaching assistants, and digital whiteboards."
I want to know how does dextora assist teachers?,"Teachers get AI-powered summaries, automated quizzes, exam checkers, performance dashboards, real-time teaching assistants, and digital whiteboards."
Please tell me how does dextora assist teachers?,"Teachers get AI-powered summaries, automated quizzes, exam checkers, performance dashboards, real-time teaching assistants, and digital whiteboards."
Who are the target users of Dextora?,"Students, parents, teachers, schools, coaching institutes, and government or CSR education programs."
Can you explain who are the target users of dextora??,"Students, parents, teachers, schools, coaching institutes, and government or CSR education programs."
I want to know who are the target users of dextora?,"Students, parents, teachers, schools, coaching institutes, and government or CSR education programs."
Please tell me who are the target users of dextora?,"Students, parents, teachers, schools, coaching institutes, and government or CSR education programs."
What academic features does Dextora offer?,"Handwritten evaluation, mock interviews, textbook-based learning, AI notes, quizzes, comics, videos, and NEP-aligned content."
Can you explain what academic features does dextora offer??,"Handwritten evaluation, mock interviews, textbook-based learning, AI notes, quizzes, comics, videos, and NEP-aligned content."
I want to know what academic features does dextora offer?,"Handwritten evaluation, mock interviews, textbook-based learning, AI notes, quizzes, comics, videos, and NEP-aligned content."
Please tell me what academic features does dextora offer?,"Handwritten evaluation, mock interviews, textbook-based learning, AI notes, quizzes, comics, videos, and NEP-aligned content."
What holistic features does Dextora provide?,"Dextora provides nutrition advice, mental wellness support, etiquette training, habit coaching, critical thinking guidance, and career roadmaps."
Can you explain what holistic features does dextora provide??,"Dextora provides nutrition advice, mental wellness support, etiquette training, habit coaching, critical thinking guidance, and career roadmaps."
I want to know what holistic features does dextora provide?,"Dextora provides nutrition advice, mental wellness support, etiquette training, habit coaching, critical thinking guidance, and career roadmaps."
Please tell me what holistic features does dextora provide?,"Dextora provides nutrition advice, mental wellness support, etiquette training, habit coaching, critical thinking guidance, and career roadmaps."
What makes Dextora unique?,"It is a complete AI-first ecosystem with curriculum coverage, deep textbook alignment, multimodal AI, teacher tools, and holistic development."
Can you explain what makes dextora unique??,"It is a complete AI-first ecosystem with curriculum coverage, deep textbook alignment, multimodal AI, teacher tools, and holistic development."
I want to know what makes dextora unique?,"It is a complete AI-first ecosystem with curriculum coverage, deep textbook alignment, multimodal AI, teacher tools, and holistic development."
Please tell me what makes dextora unique?,"It is a complete AI-first ecosystem with curriculum coverage, deep textbook alignment, multimodal AI, teacher tools, and holistic development."
What is the price of Dextora AI?,"Dextora starts at Rs. 2400 per year for students, with school and teacher pricing varying by need."
Can you explain what is the price of dextora ai??,"Dextora starts at Rs. 2400 per year for students, with school and teacher pricing varying by need."
I want to know what is the price of dextora ai?,"Dextora starts at Rs. 2400 per year for students, with school and teacher pricing varying by need."
Please tell me what is the price of dextora ai?,"Dextora starts at Rs. 2400 per year for students, with school and teacher pricing varying by need."
What is the vision of Dextora?,"To become the global AI-first operating system for learning, offering one AI companion per learner worldwide."
Can you explain what is the vision of dextora??,"To become the global AI-first operating system for learning, offering one AI companion per learner worldwide."
I want to know what is the vision of dextora?,"To become the global AI-first operating system for learning, offering one AI companion per learner worldwide."
Please tell me what is the vision of dextora?,"To become the global AI-first operating system for learning, offering one AI companion per learner worldwide."
How does Dextora improve learning outcomes?,"It uses data-driven personalization, engagement analytics, progress tracking, and adaptive content to boost performance and reduce stress."
Can you explain how does dextora improve learning outcomes??,"It uses data-driven personalization, engagement analytics, progress tracking, and adaptive content to boost performance and reduce stress."
I want to know how does dextora improve learning outcomes?,"It uses data-driven personalization, engagement analytics, progress tracking, and adaptive content to boost performance and reduce stress."
Please tell me how does dextora improve learning outcomes?,"It uses data-driven personalization, engagement analytics, progress tracking, and adaptive content to boost performance and reduce stress."
What problems does Dextora solve?,"It addresses one-size-fits-all learning, overloaded teachers, passive content, exam-centric approaches, and lack of personalized guidance."
Can you explain what problems does dextora solve??,"It addresses one-size-fits-all learning, overloaded teachers, passive content, exam-centric approaches, and lack of personalized guidance."
I want to know what problems does dextora solve?,"It addresses one-size-fits-all learning, overloaded teachers, passive content, exam-centric approaches, and lack of personalized guidance."
Please tell me what problems does dextora solve?,"It addresses one-size-fits-all learning, overloaded teachers, passive content, exam-centric approaches, and lack of personalized guidance."
How does Dextora create AI-generated content?,"It automatically generates videos, comics, quizzes, notes, mind maps, and NEP-aligned worksheets."
Can you explain how does dextora create ai-generated content??,"It automatically generates videos, comics, quizzes, notes, mind maps, and NEP-aligned worksheets."
I want to know how does dextora create ai-generated content?,"It automatically generates videos, comics, quizzes, notes, mind maps, and NEP-aligned worksheets."
Please tell me how does dextora create ai-generated content?,"It automatically generates videos, comics, quizzes, notes, mind maps, and NEP-aligned worksheets."
What support does Dextora give during exams?,"It provides exam strategies, practice tests, instant explanations, mock interviews, and progress analytics."
Can you explain what support does dextora give during exams??,"It provides exam strategies, practice tests, instant explanations, mock interviews, and progress analytics."
I want to know what support does dextora give during exams?,"It provides exam strategies, practice tests, instant explanations, mock interviews, and progress analytics."
Please tell me what support does dextora give during exams?,"It provides exam strategies, practice tests, instant explanations, mock interviews, and progress analytics."
Does Dextora support CBSE and competitive exams?,"Yes, it supports CBSE, ICSE, State Boards, JEE, NEET, UPSC, and government exams."
Can you explain does dextora support cbse and competitive exams??,"Yes, it supports CBSE, ICSE, State Boards, JEE, NEET, UPSC, and government exams."
I want to know does dextora support cbse and competitive exams?,"Yes, it supports CBSE, ICSE, State Boards, JEE, NEET, UPSC, and government exams."
Please tell me does dextora support cbse and competitive exams?,"Yes, it supports CBSE, ICSE, State Boards, JEE, NEET, UPSC, and government exams."
How does Dextora reduce stress?,"Through wellness tools, personalized pacing, habit coaching, time management systems, and mental wellness support."
Can you explain how does dextora reduce stress??,"Through wellness tools, personalized pacing, habit coaching, time management systems, and mental wellness support."
I want to know how does dextora reduce stress?,"Through wellness tools, personalized pacing, habit coaching, time management systems, and mental wellness support."
Please tell me how does dextora reduce stress?,"Through wellness tools, personalized pacing, habit coaching, time management systems, and mental wellness support."
How does Dextora help parents?,"Parents receive performance insights, learning patterns, and progress reports to support their child effectively."
Can you explain how does dextora help parents??,"Parents receive performance insights, learning patterns, and progress reports to support their child effectively."
I want to know how does dextora help parents?,"Parents receive performance insights, learning patterns, and progress reports to support their child effectively."
Please tell me how does dextora help parents?,"Parents receive performance insights, learning patterns, and progress reports to support their child effectively."
How does Dextora support schools?,"Schools receive AI-driven assessment, analytics dashboards, teacher tools, and automated content generation."
Can you explain how does dextora support schools??,"Schools receive AI-driven assessment, analytics dashboards, teacher tools, and automated content generation."
I want to know how does dextora support schools?,"Schools receive AI-driven assessment, analytics dashboards, teacher tools, and automated content generation."
Please tell me how does dextora support schools?,"Schools receive AI-driven assessment, analytics dashboards, teacher tools, and automated content generation."
How does Dextora support coaching institutes?,"Coaching institutes get adaptive test preparation, student analytics, AI-powered assignments, and automated content workflows."
Can you explain how does dextora support coaching institutes??,"Coaching institutes get adaptive test preparation, student analytics, AI-powered assignments, and automated content workflows."
I want to know how does dextora support coaching institutes?,"Coaching institutes get adaptive test preparation, student analytics, AI-powered assignments, and automated content workflows."
Please tell me how does dextora support coaching institutes?,"Coaching institutes get adaptive test preparation, student analytics, AI-powered assignments, and automated content workflows."
What technology powers Dextora?,"Multimodal AI combining text, voice, vision, analytics, personalization, and adaptive learning intelligence."
Can you explain what technology powers dextora??,"Multimodal AI combining text, voice, vision, analytics, personalization, and adaptive learning intelligence."
I want to know what technology powers dextora?,"Multimodal AI combining text, voice, vision, analytics, personalization, and adaptive learning intelligence."
Please tell me what technology powers dextora?,"Multimodal AI combining text, voice, vision, analytics, personalization, and adaptive learning intelligence."
What is Dextora's business model?,"It includes student subscriptions, school licensing, teacher tools, AI workshops, and premium add-ons."
Can you explain what is dextora's business model??,"It includes student subscriptions, school licensing, teacher tools, AI workshops, and premium add-ons."
I want to know what is dextora's business model?,"It includes student subscriptions, school licensing, teacher tools, AI workshops, and premium add-ons."
Please tell me what is dextora's business model?,"It includes student subscriptions, school licensing, teacher tools, AI workshops, and premium add-ons."
What market opportunity does Dextora target?,It targets the rapidly growing 25 to 30 billion dollar Indian EdTech market projected by 2030.
Can you explain what market opportunity does dextora target??,It targets the rapidly growing 25 to 30 billion dollar Indian EdTech market projected by 2030.
I want to know what market opportunity does dextora target?,It targets the rapidly growing 25 to 30 billion dollar Indian EdTech market projected by 2030.
Please tell me what market opportunity does dextora target?,It targets the rapidly growing 25 to 30 billion dollar Indian EdTech market projected by 2030.
What early validation has Dextora received?,"It has more than 1500 active students, a 95 percent success rate, 70 percent stress reduction, and strong pilot results."
Can you explain what early validation has dextora received??,"It has more than 1500 active students, a 95 percent success rate, 70 percent stress reduction, and strong pilot results."
I want to know what early validation has dextora received?,"It has more than 1500 active students, a 95 percent success rate, 70 percent stress reduction, and strong pilot results."
Please tell me what early validation has dextora received?,"It has more than 1500 active students, a 95 percent success rate, 70 percent stress reduction, and strong pilot results."
Is Dextora only an EdTech app?,"No. It is an AI-first operating system for learning, not just another EdTech application."
Can you explain is dextora only an edtech app??,"No. It is an AI-first operating system for learning, not just another EdTech application."
I want to know is dextora only an edtech app?,"No. It is an AI-first operating system for learning, not just another EdTech application."
Please tell me is dextora only an edtech app?,"No. It is an AI-first operating system for learning, not just another EdTech application."
How does Dextora assist in handwriting evaluation?,"AI evaluates handwritten notes, answers, and exams, giving instant feedback and accuracy insights."
Can you explain how does dextora assist in handwriting evaluation??,"AI evaluates handwritten notes, answers, and exams, giving instant feedback and accuracy insights."
I want to know how does dextora assist in handwriting evaluation?,"AI evaluates handwritten notes, answers, and exams, giving instant feedback and accuracy insights."
Please tell me how does dextora assist in handwriting evaluation?,"AI evaluates handwritten notes, answers, and exams, giving instant feedback and accuracy insights."
